{
  "schema_version": 1,
  "kind": "topograph_gpu_profile",
  "timestamp": "2026-06-01T06:59:00+00:00",
  "config": {
    "grid_shape": [
      15,
      15
    ],
    "batch_size": 256,
    "horizon": 15,
    "k_iterations": 5,
    "mask_density": 0.4,
    "n_timed": 50,
    "n_warmup": 3,
    "world_seed": 0
  },
  "world_info": {
    "n_zones": 225,
    "n_candidate_edges": 936,
    "action_dim": 937
  },
  "system_info": {
    "python": "3.12.10",
    "jax": "0.5.3",
    "backend": "gpu",
    "devices": [
      "cuda:0"
    ],
    "platform": "Linux-4.4.0-x86_64-with-glibc2.36"
  },
  "method": "each component timed as an isolated jitted+vmapped op (median); isolated timing attributes per-op launch overhead to each component, so the fused_step time below is the ground-truth whole-step cost",
  "components": {
    "apply_action": {
      "ms_per_batched_step": 0.43003500000082795,
      "us_per_env_step": 1.6798242187532342,
      "fraction": 0.02158407273264602
    },
    "compute_travel_times": {
      "ms_per_batched_step": 16.4501915000006,
      "us_per_env_step": 64.25856054687735,
      "fraction": 0.8256586784826461
    },
    "compute_accessibility_pre": {
      "ms_per_batched_step": 0.4127255000003771,
      "us_per_env_step": 1.612208984376473,
      "fraction": 0.02071528412945152
    },
    "update_activity": {
      "ms_per_batched_step": 0.6087144999993299,
      "us_per_env_step": 2.3777910156223827,
      "fraction": 0.0305522528198321
    },
    "compute_accessibility_post": {
      "ms_per_batched_step": 0.5441085000006396,
      "us_per_env_step": 2.1254238281274986,
      "fraction": 0.027309585123169326
    },
    "compute_welfare": {
      "ms_per_batched_step": 0.25446700000042455,
      "us_per_env_step": 0.9940117187516584,
      "fraction": 0.012772063288004055
    },
    "compute_demand": {
      "ms_per_batched_step": 0.38297949999943626,
      "us_per_env_step": 1.4960136718727979,
      "fraction": 0.01922228977428424
    },
    "bookkeeping": {
      "ms_per_batched_step": 0.8404974999995929,
      "us_per_env_step": 3.28319335937341,
      "fraction": 0.04218577364996671
    }
  },
  "detail": {
    "apsp_only": {
      "ms_per_batched_step": 15.033354499999874,
      "us_per_env_step": 58.72404101562451
    },
    "build_direct_distance": {
      "ms_per_batched_step": 0.5025869999997212,
      "us_per_env_step": 1.963230468748911
    }
  },
  "component_sum_ms": 19.923719000001228,
  "fused_step_ms": 15.529467000000352,
  "fusion_ratio_sum_over_fused": 1.2829621905246829,
  "policy_ms": 3.0954774999996104
}
